{
   "time": 1753272979.2013113,
   "msgs": {}
}{
   "time": 1753272979.3809369,
   "msgs": {}
}